INSERT INTO category_types ("name")
VALUES ('PERISHABLE'),
       ('LONG_TERM'),
       ('FRIDGE_STORAGE'),
       ('FREEZER_STORAGE'),
       ('PANTRY_STORAGE');

INSERT INTO product_categories ("name")
VALUES ('FISH'),
       ('MEAT'),
       ('DAIRY'),
       ('BREAD'),
       ('CANS'),
       ('VEGETABLES'),
       ('FRUITS'),
       ('GRAIN');

INSERT INTO order_statuses ("name")
VALUES ('OPEN'),
       ('CONFIRMED'),
       ('COMPLETED'),
       ('CANCELLED');

INSERT INTO products ("name", "price", "quantity", "available")
VALUES ('Beef tenderloin', 10, 3, true),
       ('Pork loin', 8.5, 4, true),
       ('Pork belly', 7.3, 2, false),
       ('Beef short ribs', 4.8, 3, true),
       ('Lamb shank', 12.4, 3, true),
       ('Salmon fillet', 13, 2, false),
       ('Tuna steak', 11, 3, true),
       ('Cod fillet', 4.6, 4, true),
       ('Shrimps', 5, 3, false),
       ('Tilapia fillet', 7.9, 2, true),
       ('Milk', 2, 6, true),
       ('Parmesan', 5.1, 3, true),
       ('Greek yoghurt', 2.2, 4, true),
       ('Ciabatta', 1.5, 4, true),
       ('Baguette', 2, 3, false),
       ('Croissant', 1.1, 5, true),
       ('Canned tuna', 2.3, 4, true),
       ('Olives', 3, 4, true),
       ('Capers', 6.2, 2, false),
       ('Pickled onions', 3, 3, true),
       ('Eggplant', 2, 4, true),
       ('Tomato', 3, 5, true),
       ('Cucumber', 2, 4, true),
       ('Onion', 2, 2.2, true),
       ('Potato', 2, 1.6, true),
       ('Banana', 2, 3, true),
       ('Orange', 3, 4, true),
       ('Kiwi', 3, 4, true),
       ('Rice', 2.1, 4, true),
       ('Porridge', 3.15, 2, true);

INSERT INTO order_details ("status_id", "total_amount")
VALUES (1, 124.5),
       (2, 35.5),
       (3, 118.7),
       (4, 79.6);

INSERT INTO details_to_products ("order_details_id", "product_id")
VALUES (1, 1),
       (1, 5),
       (1, 7),
       (1, 12),
       (1, 20),
       (2, 9),
       (2, 16),
       (2, 22),
       (3, 3),
       (3, 6),
       (3, 12),
       (3, 11),
       (3, 9),
       (3, 19),
       (3, 22),
       (3, 29),
       (4, 11),
       (4, 4),
       (4, 14),
       (4, 17),
       (4, 18),
       (4, 23),
       (4, 27),
       (4, 26);

INSERT INTO product_to_category ("product_id", "category_id")
VALUES (1, 2),
       (2, 2),
       (3, 2),
       (4, 2),
       (5, 2),
       (6, 1),
       (7, 1),
       (8, 1),
       (9, 1),
       (10, 1),
       (11, 3),
       (12, 3),
       (13, 3),
       (14, 4),
       (15, 4),
       (16, 4),
       (17, 1),
       (17, 5),
       (18, 5),
       (18, 6),
       (19, 5),
       (19, 6),
       (20, 5),
       (20, 6),
       (21, 6),
       (22, 6),
       (23, 6),
       (24, 6),
       (25, 6),
       (26, 7),
       (27, 7),
       (28, 7),
       (29, 8),
       (30, 8);

INSERT INTO categories_to_types ("category_id", "type_id")
VALUES (1, 1),
       (2, 1),
       (3, 1),
       (4, 1),
       (6, 1),
       (5, 2),
       (8, 2),
       (3, 3),
       (6, 3),
       (7, 3),
       (1, 4),
       (2, 4),
       (4, 5),
       (5, 5),
       (8, 5);
